adalimumab,144190.3 g/mol
etanercept,51234.9 g/mol
rituximab,143859.7 g/mol
ranibizumab,"48,350 g/mol"
trastuzumab,145531.5 g/mol
infliximab,144190.3 g/mol
aflibercept intravitreal,F
lenalidomide,259.261 g/mol
sofosbuvir,529.453 g/mol
imatinib,"493.603 g/mol<br/>
589.7 g/mol (mesilate)"
eculizumab,148 kg/mol
bortezomib,384.237 g/mol
natalizumab,149 g/mol
pomalidomide,273.24 g/mol
ivacaftor,392.490 g/mol
dimethyl fumarate,144.127 g/mol
darunavir,547.665 g/mol
tocilizumab,145.0 kg/mol
golimumab,147 kg/mol
ustekinumab,145.64 kg/mol
trastuzumab emtansine,148.5 kg/mol
emtricitabine/rilpivirine/tenofovir disoproxil,F
alemtuzumab,145453.8 g/mol
pemetrexed,427.411 g/mol
sodium chloride,−30.3·10<sup>−6</sup> cm<sup>3</sup>/mol
bevacizumab,"149,196.82 g/mol"
cetuximab,145781.6 g/mol
fingolimod,307.471 g/mol
ruxolitinib,306.37 g/mol
azacitidine,244.205 g/mol
certolizumab pegol,"47,750 g/mol"
botulinum toxin type a,"150 kg/mol (150,000 g/mol)"
posaconazole,700.778 g/mol
omalizumab,145058.2 g/mol
denosumab,144.7 kg/mol
abacavir/lamivudine/dolutegravir,F
enoxaparin sodium,4500 g/mol (average)
nilotinib,529.5245 g/mol
iodine,"(I<sub>2</sub>) 15.52 <a class=""mw-redirect"" href=""/wiki/Kilojoule_per_mole"" title=""Kilojoule per mole"">kJ/mol</a>"
alglucosidase,F
amphotericin lipid,F
vedolizumab,146.8 kg/mol
tacrolimus,804.018 g/mol
sunitinib,"398.474 g/mol<br/>
532.561 g/mol (<a class=""mw-redirect"" href=""/wiki/Malate"" title=""Malate"">malate</a>)"
tenofovir disoproxil,519.443 g/mol
voriconazole,349.311 g/mol
pazopanib,437.517 g/mol
abatacept,92300 g/mol
dexamethasone,392.461 g/mol
raltegravir,444.42 g/mol
caspofungin,1093.31 g/mol
daclatasvir,738.89 g/mol
methotrexate,454.44 g/mol
darbepoetin alfa,38396.1 g/mol
velaglucerase alfa,"55.5 kg/mol (un<a class=""mw-redirect"" href=""/wiki/Glycosylate"" title=""Glycosylate"">glycosylated</a>)"
everolimus,958.224 g/mol
pirfenidone,185.22 g/mol
paliperidone,426.484 g/mol
atazanavir,704.856 g/mol
Romiplostim,59 kg/mol
glatiramer,623.65 g/mol
lanreotide,"1096.33 g/mol<br/>
1156.380 g/mol (acetate)"
octreotide,1019.24 g/mol
bosentan,551.614 g/mol
deferasirox,373.362 g/mol
sevoflurane,200.055 g/mol
ipilimumab,148634.914 g/mol
rivaroxaban,435.882 g/mol
Dabrafenib,519.56 g/mol
heparin,12000–15000 g/mol
ambrisentan,378.421 g/mol
dasatinib,488.01 g/mol
teicoplanin,1564.3 to 1907.7 g/mol
bendamustine,358.262 g/mol
meropenem,383.464 g/mol
dornase alfa,29253.9 g/mol
axitinib,386.469 g/mol
valganciclovir,354.362 g/mol
macitentan,588.273 g/mol
cobicistat/elvitegravir/emtricitabine/tenofovir disoproxil,F
etonogestrel,324.457 g/mol
risperidone,410.485 g/mol
benzylpenicillin,334.4 g/mol
tinzaparin sodium,"6500 g/mol (average)<sup class=""reference"" id=""cite_ref-3""><a href=""#cite_note-3"">[3]</a></sup>"
eribulin,729.90 g/mol
cabazitaxel,835.93 g/mol
brentuximab,149.2–151.8 kg/mol
levonorgestrel,312.446 g/mol
ciclosporin,1202.61 g/mol
tiotropium,472.416 g/mol
blood glucose test strips,F
apixaban,459.497 g/mol
prednisolone,360.444 g/mol
entecavir,277.279 g/mol
doxorubicin (liposomal),F
dexamethasone intravitreal,F
canakinumab,145.2 kg/mol
paracetamol,151.163 g/mol
eltrombopag,442.467 g/mol
linezolid,337.346 g/mol
sodium lactate,"112.06 g/mol<sup class=""reference"" id=""cite_ref-chemblink.com_1-0""><a href=""#cite_note-chemblink.com-1"">[1]</a></sup>"
anidulafungin,1140.24 g/mol
gadolinium,"10.05 <a class=""mw-redirect"" href=""/wiki/Kilojoule_per_mole"" title=""Kilojoule per mole"">kJ/mol</a>"
imiglucerase,"55597.4 g/mol (un<a class=""mw-redirect"" href=""/wiki/Glycosylate"" title=""Glycosylate"">glycosylated</a>)"
adrenaline/epinephrine,F
vismodegib,421.30 g/mol
filgrastim,18802.8 g/mol
fulvestrant,606.772 g/mol
liothyronine,672.96 g/mol
daptomycin,1619.7086 g/mol
aripiprazole,448.385 g/mol
micafungin,1270.28 g/mol
idelalisib,415.42 g/mol
tobramycin neb/DPI,F
anagrelide,256.088 g/mol
teriparatide,4117.72 g/mol
erlotinib,393.436 g/mol
dinoprostone,352.465 g/mol
vinorelbine,778.932 g/mol
ertapenem,475.516 g/mol
plerixafor,502.782 g/mol
desflurane,168.038 g/mol
flucloxacillin,453.87 g/mol
cinacalcet,357.412 g/mol
dolutegravir,419.38 g/mol
propofol,178.271 g/mol
crizotinib,450.337 g/mol
ritonavir,720.946 g/mol
levobupivacaine,288.43 g/mol
epoprostenol,352.465 g/mol
gentamicin,477.596 g/mol
aztreonam lysinate,F
Obinutuzumab,146.1 kg/mol
pegfilgrastim,"39,000 g/mol"
nevirapine,266.298 g/mol
ascorbic acid/glucose/nicotinamide/riboflavin/thiamine,F
methylprednisolone,374.471 g/mol
cyclophosphamide,261.086 g/mol
lidocaine,234.34 g/mol
hydrocortisone,362.460 g/mol
fluorouracil,130.077 g/mol
etravirine,435.28 g/mol
Sugammadex,2178 g/mol
mesna,164.181 g/mol
oxycodone,315.364 g/mol
maraviroc,513.666 g/mol
Service fee,F
mercaptopurine,152.177 g/mol
sorafenib,464.825 g/mol
fidaxomicin,1058.04 g/mol
cyclizine,266.381 g/mol
vemurafenib,489.92 g/mol
epoetin alfa,18396.1 g/mol
mycophenolate,320.34 g/mol
iron sucrose,"34,000 to 60,000 g/mol"
prismasol,F
sildenafil,474.5764 g/mol
test strips,F
bone cement/gentamicin,F
bacillus calmette-guerin,F
rifaximin,785.879 g/mol
metaraminol,167.205 g/mol
nicotine,162.23 g/mol
glucose,-101.5·10<sup>−6</sup> cm<sup>3</sup>/mol
tigecycline,585.65 g/mol
sodium bicarbonate,87.61 J/mol K
cefuroxime,424.386 g/mol
moviprep,F
gefitinib,446.902 g/mol
lidocaine/phenylephrine,F
ticagrelor,522.567 g/mol
terlipressin,1227.37 g/mol
glycopyrronium bromide,398.335 g/mol
aztreonam,435.433 g/mol
abciximab,47455.4 g/mol
menotrophin,F
morphine,285.34 g/mol
goserelin,1269.410 g/mol
metronidazole,171.15 g/mol
antithymocyte immunoglobulin,F
fentanyl,336.471 g/mol
tropicamide,284.353 g/mol
chloramphenicol,323.1320 g/mol
bupivacaine,288.43 g/mol
Colistimethate/colistin (DPI only),F
carboplatin,371.249 g/mol
alitretinoin,300.435 g/mol
trabectedin,761.84 g/mol
iron isomaltoside,F
afatinib,485.937 g/mol
noradrenaline/norepinephrine,F
iloprost,360.48 g/mol
sirolimus,914.172 g/mol
secukinumab,147.94 kg/mol
clarithromycin,747.953 g/mol
buprenorphine,467.64 g/mol
peginterferon beta,F
phenylephrine,167.205 g/mol
melphalan,305.2 g/mol
mycophenolic acid,320.34 g/mol
basiliximab,143801.3 g/mol
beclometasone/formoterol,F
anakinra,"17,257.6 g/mol"
omeprazole,345.42 g/mol
pegasparaginase,F
chlorphenamine,274.788 g/mol
Paclitaxel albumin,F
sodium valproate,144.211 g/mol
zoledronic acid,272.09 g/mol
blood ketone level monitoring,F
bosutinib,530.446 g/mol
rotigotine,315.474 g/mol
abacavir,286.332 g/mol
docetaxel,807.879 g/mol
colecalciferol,384.64 g/mol
salbutamol,239.311 g/mol
fumaric acid esters (FAE),F
calcium chloride,"−5.47·10<sup>−5</sup> cm<sup>3</sup>/mol<sup class=""reference"" id=""cite_ref-crc_1-3""><a href=""#cite_note-crc-1"">[1]</a></sup>"
amoxicillin,365.4 g/mol
trazodone,371.8641 g/mol
teriflunomide,270.207 g/mol
meglumine amidotrizoate/sodium amidotrizoate,F
temocillin,414.453 g/mol
amikacin,585.603 g/mol
Colistimethate/colistin,F
capecitabine,359.35 g/mol
methylthioninium,F
potassium chloride/sodium chloride,F
insulin glargine,6063 g/mol
leuprorelin,1209.4 g/mol
apomorphine,267.322 g/mol
fosfomycin,138.059 g/mol
imiquimod,240.304 g/mol
solifenacin succinate,362.465 g/mol
fondaparinux sodium,1726.77 g/mol
gemcitabine,263.198 g/mol
proxymetacaine,294.389 g/mol
fibrinogen/thrombin,F
flupentixol,434.5219 g/mol
elosulfase alfa,110.8 kg/mol
clofarabine,303.677 g/mol
daunorubicin,"527.52 g/mol<br/>
563.99 g/mol (<a href=""/wiki/Hydrochloride"" title=""Hydrochloride"">HCl</a> salt)"
chlorhexidine,505.446 g/mol
macrogol compound,F
carbidopa/levodopa gel,F
alfentanil,416.517 g/mol
epirubicin,543.519 g/mol
bupivacaine/adrenaline,F
trimethoprim/sulfamethoxazole(sulphamethoxazole),F
crisantaspase,31731.9 g/mol
paclitaxel,853.906 g/mol
lidocaine/adrenaline,F
clindamycin,424.98 g/mol
nintedanib,539.6248 g/mol
ponatinib,532.56 g/mol
benzydamine,309.405 g/mol
diamorphine,369.41 g/mol
chlorhexidine/lidocaine,F
ceftazidime,546.58 g/mol
phenytoin,252.268 g/mol
demeclocycline,464.853 g/mol
pegvisomant,"22129.0 g/mol (un<a href=""/wiki/PEGylation"" title=""PEGylation"">pegylated</a>)"
ondansetron,293.4 g/mol
tobramycin,467.515 g/mol
tetracosactide,4541.135 g/mol
digoxin-specific antibody,F
zuclopenthixol,400.965 g/mol
fludarabine,365.212 g/mol
Nivolumab,143.6 kg/mol
urokinase,31126.5 g/mol
docusate,444.56 g/mol
nefopam,253.34 g/mol
Mifamurtide,1237.499 g/mol
insulin soluble,F
ulipristal,475.62 g/mol
etoposide,588.557 g/mol
nitisinone,329.228 g/mol
levetiracetam,170.209 g/mol
triptorelin,1311.5 g/mol
floseal,F
labetalol,328.406 g/mol
insulin aspart,5825.8 g/mol
collagenase clostridium histolyticum,"114 kg/mol (AUX-I)<br/>
113 kg/mol (AUX-II)"
immunoglobulin anti-d,F
Sulfur hexafluoride,146.06 g/mol
bexarotene,348.478 g/mol
dasabuvir,493.58 g/mol
oxaliplatin,397.2858 g/mol
amethocaine/tetracaine,F
sitagliptan,F
remifentanil,376.447 g/mol
foscarnet,"126.005 g/mol<br/>
300.1 g/mol <small>(foscarnet trisodium hexahydrate)</small>"
progesterone,314.46 g/mol
midodrine,254.282 g/mol
sodium hyaluronate/sodium chondroitin,F
rilpivirine,366.42 g/mol
nabilone,372.541 g/mol
potassium chloride,−39.0·10<sup>−6</sup> cm<sup>3</sup>/mol
irinotecan,"586.678 g/mol (irinotecan)<br/>
623.139 g/mol (irinotecan <a href=""/wiki/Hydrochloride"" title=""Hydrochloride"">hydrochloride</a>)<br/>
677.185 g/mol (irinotecan hydrochloride trihydrate)"
budesonide,430.534 g/mol
ciprofloxacin,331.346 g/mol
medroxyprogesterone,344.488 g/mol
fluocinolone intravitreal,F
oseltamivir,312.4 g/mol
codeine,299.364 g/mol
sodium oxybate,126.09 g/mol
isotretinoin,300.44 g/mol
spacer device,F
atracurium besilate,929.145 g/mol
linagliptin,472.54 g/mol
apraclonidine,245.108 g/mol
ceftriaxone,554.58 g/mol
dexmedetomidine,200.28 g/mol
rocuronium bromide,609.678 g/mol
mesalazine,153.135 g/mol
beclometasone,521.042 g/mol
potassium chloride/sodium chloride/glucose,F
busulfan,246.304 g/mol
oxytocin,1007.19 g/mol
doxapram,378.507 g/mol
ketamine,237.725 g/mol
Radium,"8.5 <a class=""mw-redirect"" href=""/wiki/Kilojoule_per_mole"" title=""Kilojoule per mole"">kJ/mol</a>"
arsenic,"grey: 24.44 <a class=""mw-redirect"" href=""/wiki/Kilojoule_per_mole"" title=""Kilojoule per mole"">kJ/mol</a>"
tranexamic acid,157.21 g/mol
cisplatin,300.01 g/mol
levocarnitine,161.199 g/mol
calcium folinate,473.44 g/mol
methyl aminolevulinate hydrochloride,145.156 g/mol
ibuprofen,206.29 g/mol
insulin soluble (concentrated),F
caffeine,194.19 g/mol
tadalafil,389.404 g/mol
bupivacaine/fentanyl,F
ganciclovir,255.23 g/mol
atropine sulfate,289.369 g/mol
duloxetine,297.41456 g/mol
parecoxib,370.422 g/mol
thiotepa,189.23 g/mol
temozolomide,194.151 g/mol
allevyn,F
aprotinin,6511.51 g/mol
insulin aspart biphasic,F
levofloxacin,361.368 g/mol
haloperidol,375.9 g/mol
triamcinolone,394.434 g/mol
fluconazole,306.271 g/mol
diltiazem,414.519 g/mol
vandetanib,475.354 g/mol
riociguat,422.415 g/mol
gadobutrol,604.710 g/mol
fluticasone,444.508 g/mol
dabigatran etexilate,627.734 g/mol
idarubicin,497.494 g/mol
ropivacaine,274.4 g/mol
tirofiban,440.598 g/mol
magnesium sulfate,"120.366 g/mol (anhydrous)<br/>
138.38 g/mol (monohydrate)<br/>
174.41 g/mol (trihydrate)<br/>
210.44 g/mol (pentahydrate)<br/>
228.46 g/mol (hexahydrate)<br/>
246.47 g/mol (heptahydrate)"
miglustat,219.28 g/mol
ipratropium,412.37 g/mol
mupirocin,500.622 g/mol
cyclopentolate,291.385 g/mol
atovaquone,366.837 g/mol
gabapentin,171.237 g/mol
lactulose,342.296 g/mol
efavirenz,315.675 g/mol
clopidogrel,321.82 g/mol
phenoxymethylpenicillin,350.39 g/mol
acitretin,326.429 g/mol
verteporfin,718.794 g/mol
oral film forming agents,F
diazepam,284.7 g/mol
ocriplasmin,27.25 kg/mol
levobupivacaine/fentanyl,F
levomepromazine,328.47 g/mol
diclofenac sodium,296.148 g/mol
oxybutynin,357.486 g/mol
deferiprone,139.152 g/mol
tolvaptan,448.941 g/mol
levosimendan,280.28 g/mol
spill kit,F
acetazolamide,222.245 g/mol
patent blue,F
furosemide,330.745 g/mol
phytomenadione,450.70 g/mol
isoniazid,137.139 g/mol
taurolidine/citrate,F
calcium carbonate/colecalciferol,F
benzalkonium chloride/chlorhexidine hydrochloride/isopropyl myristate/liquid paraffin,F
hydroxycarbamide,76.0547 g/mol
Pixantrone,325.365 g/mol
codeine phosphate/paracetamol,F
hyoscine butylbromide,360.467 g/mol
carbimazole,186.233 g/mol
valproic acid,144.211 g/mol
podophyllotoxin,414.405 g/mol
lansoprazole,369.363 g/mol
glycine,75.07 g/mol
insulin detemir,5913 g/mol
nutrison,F
desogestrel,310.473 g/mol
ivabradine,468.585 g/mol
insulin biphasic isophane,F
prochlorperazine,373.943 g/mol
thiopental sodium,264.32 g/mol
ranitidine,314.4 g/mol
doxorubicin,543.52 g/mol
ofatumumab,146.1 kg/mol
insulin isophane,F
topotecan,457.9 g/mol
doxycycline,444.43 g/mol
cytarabine,243.217 g/mol
hyaluronidase,53870.9 g/mol
taurolidine/citrate/urokinase,F
polystyrene sulphonate resins,F
regadenoson,390.354 g/mol
diphtheria/tetanus/polio,F
mepilex,F
oxybuprocaine,308.41 g/mol
lidocaine/lignocaine,F
dantrolene,314.253 g/mol
hyoscine hydrobromide,303.353 g/mol
amiodarone,645.31 g/mol
potassium chloride/glucose,F
treprostinil,390.52 g/mol
carboprost,368.508 g/mol
metoclopramide,299.80 g/mol
Liraglutide,3751.202 g/mol
volumatic,F
adenosine,267.241 g/mol
mitotane,320.04 g/mol
methylphenidate,233.31 g/mol
raltitrexed,458.489 g/mol
aflibercept,96.90 kg/mol
spironolactone,416.574 g/mol
loperamide,477.037 g/mol (513.506 with HCl)
argatroban,508.635 g/mol
meningococcal b,F
mirabegron,396.506 g/mol
ranolazine,427.537 g/mol
suxamethonium chloride,290.399 g/mol
taurolidine/citrate/heparin,F
azathioprine,277.263 g/mol
sulfapyridine,249.29 g/mol
betamethasone/calciptriol,F
ethinylestradiol,296.403 g/mol
sodium chloride/glucose,F
ferrous sulfate,"151.91 g/mol (anhydrous)<br/>
169.93 g/mol (monohydrate)<br/>
241.99 g/mol (pentahydrate)<br/>
260.00 g/mol (hexahydrate)<br/>
278.02 g/mol (heptahydrate)"
rifampicin,822.94 g/mol
magnesium glycerophosphate,F
sodium phenylbutyrate,186.2 g/mol
dexamethasone/hypromellose,F
ethyl chloride,"11.1 L·atm/mol (24 °C)<sup class=""reference"" id=""cite_ref-pubchem_1-2""><a href=""#cite_note-pubchem-1"">[1]</a></sup>"
nortriptyline,263.38 g/mol
ursodeoxycholic acid,392.56 g/mol
desmopressin,1069.22 g/mol
streptozocin,265.221 g/mol
liquid paraffin/white soft paraffin,F
sodium pentosan pentaphosphate,F
vincristine,824.958 g/mol
baclofen,213.661 g/mol
alfacalcidol,400.64 g/mol
mifepristone,429.60 g/mol
cladribine,285.687 g/mol
procarbazine,221.299 g/mol
sodium acid phosphate,221.94 g/mol
isosorbide mononitrate,191.139 g/mol
carglumic acid,190.2 g/mol
perampanel,349.384 g/mol
metformin,129.16364 g/mol
chenodeoxycholic Acid,F
degarelix,1630.75 g/mol
dronabinol/cannabidiol,F
sucralfate,"2086.75 g/mol<sup class=""reference"" id=""cite_ref-Merck_1-1""><a href=""#cite_note-Merck-1"">[1]</a></sup>"
lidocaine/fluorescein,F
dapsone,248.302 g/mol
Ramucirumab,143.6 kg/mol
lamivudine,229.26 g/mol
simeprevir,749.94 g/mol
bupivacaine/glucose,F
aspirin,180.157 g/mol
pantoprazole,383.371 g/mol
alimemazine,298.447 g/mol
lapatinib,581.058 g/mol
indocyanine,F
lomustine,233.695 g/mol
cidofovir,279.187 g/mol
hydroxypropylmethylcellulose,F
milrinone,211.219 g/mol
diazoxide,230.672 g/mol
lanthanum,"6.20 <a class=""mw-redirect"" href=""/wiki/Kilojoule_per_mole"" title=""Kilojoule per mole"">kJ/mol</a>"
fluphenazine,437.523 g/mol
tenecteplase,58951.2 g/mol
magnesium-L-aspartate,F
dexamethasone/framycetin/gramicidin,F
testosterone,288.42 g/mol
betamethasone/clioquinol,F
silver nitrate,−45.7·10<sup>−6</sup> cm<sup>3</sup>/mol
artificial saliva,F
chlorambucil,304.212 g/mol
sodium picosulfate,481.409 g/mol
insulin lispro biphasic,F
sodium glycerophosphate,F
grass and tree pollen extracts,F
dantron/poloxamer,F
dacarbazine,182.18 g/mol
lutetium dotatate,F
alprostadil,354.481 g/mol
mebeverine,429.6 g/mol
compound alginate preparations,F
bumetanide,364.417 g/mol
tetracaine,264.363 g/mol
lacosamide,250.294 g/mol
ofloxacin,361.368 g/mol
fresubin,F
captopril,217.29 g/mol
metyrapone,226.274 g/mol
bedaquiline,555.5 g/mol
methylprednisolone/lidocaine,F
mecasermin,7648.67 g/mol
ascorbic acid,176.12 g/mol
isoflurane,184.5 g/mol
nimodipine,418.44 g/mol
phenobarbital,232.235 g/mol
fluticasone/vilanterol,F
moxifloxacin,401.431 g/mol
lubricating jelly,F
esmolol,295.374 g/mol
chlorhexidine/neomycin,F
mannitol DPI,F
cytomegalovirus immunoglobulin,F
dexamethasone/hypromellose/neomycin/polymixin b,F
emulsifying wax/yellow soft paraffin/liquid paraffin,F
atomoxetine,"255.36 g/mol<br/>
291.81 g/mol (hydrochloride)"
prasugrel,373.442 g/mol
clobetasol,466.97 g/mol
interferon gamma,17145.6 g/mol
clotrimazole,344.837 g/mol
dactinomycin,1255.42 g/mol
botulinum toxin type b,"150 kg/mol (150,000 g/mol)"
neostigmine/glycopyrronium,F
hylan G-F20,F
clonidine,230.093 g/mol
pyrazinamide,123.113 g/mol
hydralazine,160.176 g/mol
cetrorelix,1431.06 g/mol
trametinib,615.39 g/mol
palonosetron,296.407 g/mol
mercaptamine(cysteamine),F
meglumine gadopentetate,F
rasagiline,171.238 g/mol
Sodium Iodide,149.89 g/mol
Aluminium hydroxide/Magnesium hydroxide/Oxetacaine,F
pentamidine,340.42 g/mol
fampridine,94.1146 g/mol
peptamen,F
indigo carmine,466.36 g/mol
citric acid/magnesium carbonate,F
colesevelam,618.24888 g/mol
vinblastine,810.975 g/mol
lipegfilgrastim,F
carfilzomib,719.91 g/mol
barium sulfate,233.38 g/mol
emtricitabine,247.248 g/mol
tretinoin,300.4412 g/mol
sulfasalazine,398.394 g/mol
buserelin,1239.42 g/mol
brinzolamide,383.51 g/mol
icodextrin,13–19 kg/mol
vecuronium bromide,637.73 g/mol
hydrocortisone/gentamicin,F
lorazepam,321.2 g/mol
carbamazepine,236.269 g/mol
atosiban,994.199 g/mol
benserazide/levodopa,F
primidone,218.252 g/mol
zidovudine,267.242 g/mol
bone cement/tobramycin,F
lurasidone,492.68 g/mol
fluticasone/formoterol,F
temazepam,300.7 g/mol
granisetron,312.41 g/mol
cefotaxime,455.47 g/mol
hexaminolevulinate,F
amantadine,151.249 g/mol
esomeprazole,345.417 g/mol
cocaine,303.353 g/mol
cefoxitin,427.454 g/mol
estradiol,272.38 g/mol
Vitlipid N,F
procyclidine,323.9 g/mol
tramadol,263.4 g/mol
sundries/supplychain,F
dihydrocodeine,301.38 g/mol
B.I.P.P.,F
amisulpride,369.48 g/mol
solivito,F
ketorolac,255.27 g/mol
trimethoprim,290.32 g/mol
insulin lispro,5813.63 g/mol
isavuconazole,437.47 g/mol
terbutaline,225.284 g/mol
pancuronium bromide,572.861 g/mol
hydroxocobalamin,1346.37 g/mol
emtricitabine/raltegravir/tenofovir disoproxil,F
gadoteridol,558.68 g/mol
Idarucizumab,47.8 kg/mol
zonisamide,212.227 g/mol
fosaprepitant,614.406 g/mol
Aminolevulinic acid hydrochloride,131.13 g/mol
prucalopride,367.870 g/mol
mexiletine,179.259 g/mol
human alpha-1-proteinase inhibitor,F
nifedipine,346.335 g/mol
propranolol,259.34 g/mol
silver sulfadiazine,357.14 g/mol
memantine,179.3 g/mol
isosorbide dinitrate,236.136 g/mol
dexrazoxane,268.269 g/mol
ethinylestradiol/desogestrel,F
quetiapine,383.5099 g/mol
sodium chondroitin,F
ingenol mebutate,430.534 g/mol
insulin degludec,6103.972 g/mol
adefovir,273.186 g/mol
naproxen,230.259 g/mol
disodium folinate,F
wasp venom,F
exenatide,4186.6 g/mol
pramipexole,211.324 g/mol
bisoprolol,325.443 g/mol
pentostatin,268.269 g/mol
propylthiouracil,170.233 g/mol
dicycloverine hydrochloride,F
ganirelix,1570.4 g/mol
isopropyl myristate/liquid paraffin,F
sodium feredetate,F
domperidone,425.911 g/mol
bone cement/gentamicin/clindamycin,F
paricalcitrol,F
hepatitis b immunoglobulin,F
carbetocin,988.162 g/mol
tropicamide/phenylephrine,F
saquinavir mesilate,F
tapentadol,221.339 g/mol
rivastigmine,250.337 g/mol
clobetasol/neomycin/nystatin,F
lamotrigine,256.091 g/mol
valaciclovir,324.336 g/mol
latanoprost,432.593 g/mol
pirenzepine,351.403 g/mol
cetrimide/chlorhexidine,F
dapagliflozin,408.873 g/mol
mirtazapine,265.35 g/mol
mepacrine,399.957 g/mol
promethazine,284.42 g/mol
cycloserine,102.092 g/mol
blood monitoring,F
nutilis,F
pivmecillinam,439.569 g/mol
carbex,187.281 g/mol
ascorbic acid/nicotinamide/pyridoxine/riboflavin/thiamine,F
digoxin,780.949 g/mol
artesunate,384.421 g/mol
chlorothiazide,295.72 g/mol
phenoxybenzamine,303.826 g/mol
fludrocortisone,380.45 g/mol
cisatracurium besilate,929.145 g/mol
flucytosine,129.093 g/mol
ethinylestradiol/drospirenone,F
probiotic lactic acid bacteria,F
urgotul,F
diethylstilbestrol,268.35 g/mol
simvastatin,418.566 g/mol
dronedarone,556.758 g/mol
verapamil,454.602 g/mol
calcium levofolinate,473.44 g/mol
amlodipine,408.879 g/mol
fusidic acid/betamethasone,F
metoprolol,267.364 g/mol
sodium clodronate,244.892 g/mol
lithium,"3.00 <a class=""mw-redirect"" href=""/wiki/Kilojoule_per_mole"" title=""Kilojoule per mole"">kJ/mol</a>"
blinatumomab,54.1 kg/mol
biatain,F
hepatitisA/hepatitisB,F
enteral feeds,F
sertraline,306.229 g/mol
acetic acid,-31.54·10<sup>−6</sup> cm<sup>3</sup>/mol
warfarin sodium,308.33 g/mol
enoximone,248.302 g/mol
bimatoprost,415.566 g/mol
timolol/bimatoprost,F
calcium carbonate,100.0869 g/mol
galantamine,287.354 g/mol
travoprost,500.548 g/mol
mivacurium chloride,1029.26 g/mol
ifosfamide/mesna,F
nitrazepam,281.3 g/mol
sapropterin,241.25 g/mol
eptifibatide,831.96 g/mol
leflunomide,270.207 g/mol
ramipril,416.511 g/mol
Siltuximab,145.0 kg/mol
venlafaxine,277.402 g/mol
peditrace,F
nicorandil,211.175 g/mol
sumatriptan,295.402 g/mol
rifabutin,847.005 g/mol
formaldehyde,-18.6·10<sup>−6</sup> cm<sup>3</sup>/mol
cefalexin,347.39 g/mol
ketoconazole,531.431 g/mol
vitamin b compound strong,F
pneumococcal polysaccharide conjugate,F
acamprosate,181.211 g/mol
chlordiazepoxide,299.75 g/mol
ceritinib,558.14 g/mol
Yellow soft paraffin,F
hydroxychloroquine,335.872 g/mol
pimecrolimus,810.453 g/mol
cyanocobalamin,1355.38 g/mol
tafamidis,308.116 g/mol
peracetic,F
n-butyl cyanoacrylate,F
colestyramine,"In average, exceeds 1×10<sup>6</sup> g/mol"
fesoterodine,411.278 g/mol
amitriptyline,277.403 g/mol
phenindione,222.239 g/mol
clobetasone,408.891 g/mol
potassium citrate,306.395 g/mol
ziconotide,2639 g/mol
atenolol,266.336 g/mol
oxymetholone,332.48 g/mol
citric acid,"−1548.8 kJ/mol<sup class=""reference"" id=""cite_ref-pubchem_2-3""><a href=""#cite_note-pubchem-2"">[2]</a></sup>"
gliclazide,323.412 g/mol
methadone,309.445 g/mol
sargramostin,F
pyridostigmine,181.212 g/mol
flunarizine,404.495 g/mol
paracetamol/dihydrocodeine,F
flaminal,F
fosamprenavir,"585.608 g/mol<br/>
623.700 g/mol (<a href=""/wiki/Calcium"" title=""Calcium"">calcium</a> salt)"
pilocarpine,208.257 g/mol
saxagliptin,315.41 g/mol
riluzole,234.199 g/mol
etoricoxib,358.842 g/mol
dipyridamole,504.626 g/mol
disodium pamidronate,F
doxepin,279.376 g/mol
infatrini,F
trimipramine,294.434 g/mol
sorbsan,F
gemtuzumab,151–153 g/mol
aminophylline,420.427 g/mol
sulfadiazine,250.278 g/mol
trihexyphenidyl,301.466 g/mol
trifluoperazine,407.497 g/mol
mitoxantrone,444.481 g/mol
ergocalciferol/calciferol,F
rifampicin/isoniazid/pyrazinamide/ethambutol,F
Nepafenac,254.28 g/mol
meptazinol,233.34922 g/mol
elemental 028,F
dorzolamide,324.443 g/mol
misoprostol,382.534 g/mol
dobutamine,301.38 g/mol
modulen,F
Linaclotide,1526.74 g/mol
theophylline,180.164 g/mol
vitamin b compound,F
prilocaine,220.311 g/mol
trospium,427.964 g/mol
dutasteride,528.53 g/mol
citalopram,324.392 g/mol
titanium,"14.15 <a class=""mw-redirect"" href=""/wiki/Kilojoule_per_mole"" title=""Kilojoule per mole"">kJ/mol</a>"
zanamivir,332.31 g/mol
multinutrients,F
papaverine,339.385 g/mol
activheal,F
clobetasone/oxytetracycline/nystatin,F
glycerol,-57.06·10<sup>−6</sup> cm<sup>3</sup>/mol
mefenamic,F
donepezil,379.492 g/mol
nitazoxanide,307.283 g/mol
bisacodyl,361.391 g/mol
oxandrolone,306.44 g/mol
isopropyl alcohol/Chlorhexidine,F
liquiband,F
brinzolamide/timolol,383.51 g/mol
norethisterone,298.419 g/mol
nelarabine,297.268 g/mol
cyproterone,374.90098 g/mol
griseofulvin,352.766 g/mol
phentolamine,281.352 g/mol
topiramate,339.363 g/mol
magnesium oxide,"40.304 g/mol<sup class=""reference"" id=""cite_ref-b92_1-0""><a href=""#cite_note-b92-1"">[1]</a></sup>"
calcium acetate,-70.7·10<sup>−6</sup> cm<sup>3</sup>/mol
fentanyl/levobupivicaine,F
netupitant /palonosetron,F
bivalirudin,2180.29 g/mol
urea/lauromacrogols,F
clomifene,406 or 598.10 g/mol (with citrate)
zopiclone,388.808 g/mol
Panobinostat,349.42622 g/mol
perfadex,F
amsacrine,393.46 g/mol
tranylcypromine,133.19 g/mol
acticoat,F
ethinylestradiol/norgestimate,F
montelukast,586.184 g/mol
pethidine,247.33g/mol
gemeprost,394.545 g/mol
varenicline,211.267 g/mol
xylometazoline hydrochloride,F
ropinirole,260.375 g/mol
flecainide,414.343 g/mol
immunoglobulin normal human/hyaluronidase,F
thick and easy,F
natamycin,665.725 g/mol
scandishake,F
clotrimazole/hydrocortisone,F
sulpiride,341.427 g/mol
bicalutamide,430.373 g/mol
doxazosin,451.475 g/mol
capreomycin,668.706 g/mol
albendazole,265.333 g/mol
desferrioxamine/hydrocortisone,F
adapalene,412.52 g/mol
glucose/prilocaine,F
Meningococcal A + C + W135 + Y,F
polycal,F
Oxycodone/Naloxone,F
dopexamine,429.43 g/mol
timolol/travoprost,F
fexofenadine,501.68 g/mol
potassium chloride/sodium chloride/magnesium,F
diclofenac sodium/sodium hyaluronate,F
Sodium dihydrogen phosphate dihydrate,F
promazine,284.42 g/mol
Lenvatinib,426.853 g/mol
Canagliflozin,444.52 g/mol
tetrabenazine,317.427 g/mol
ergometrine,325.41 g/mol
bromocriptine,654.595 g/mol
cabergoline,451.604 g/mol
ibandronic acid,319.229 g/mol
calcipotriol,412.605 g/mol
timolol,316.421 g/mol
sodium tetradecyl,316.43243 g/mol
calcitriol,416.64 g/mol
eclypse,F
prothionamide,180.271 g/mol
intrasite,F
calcium lactate gluconate/ calcium carbonate,F
miconazole,416.127 g/mol
Helicobacter Pylori Breath Test,F
formoterol,344.405 g/mol
hydrogen peroxide,34.0147 g/mol
olopatadine,337.412 g/mol
sodium pidolate,F
zinc oxide,81.38 g/mol
allopurinol,136.112 g/mol
fusidic acid/hydrocortisone,F
cholesterol,386.65 g/mol
tioguanine,167.193 g/mol
Delamanid,534.48 g/mol
lercanidipine,611.727 g/mol
febuxostat,316.374 g/mol
dexamethasone/neomycin/glacial acetic acid,F
amiloride,229.627 g/mol
pitolisant,295.846 g/mol
olaparib,435.08 g/mol
primaquine,259.347 g/mol
sodium dichloroisocyanurate,"219.95 g/mol (anhydrous)<br/>
<p>255.98 g/mol (dihydrate)</p>
"
cadexomer-iodine,F
tetrofosmin,895.813 g/mol
betamethasone/neomycin,F
tolterodine,325.488 g/mol
belimumab,151.8 kg/mol
hydromorphone,285.3g/mol
famciclovir,321.332 g/mol
isoprenaline,211.258 g/mol
etomidate,244.289 g/mol
nafarelin,1321.6344 g/mol
flumazenil,303.288 g/mol
lofexidine,259.131 g/mol
miltefosine,407.568 g/mol
alogliptin,339.39 g/mol
fluorometholone,376.462 g/mol
perfluoctane,F
loteprednol,466.951 g/mol
nutriprem,F
finasteride,372.549 g/mol
ivermectin,875.10 g/mol
diphtheria/tetanus/pertussis/polio,F
citric acid monohydrate,F
ethinylestradiol/gestodene,F
edoxaban,548.056 g/mol
candesartan,440.45 g/mol
betamethasone/salicylic acid,F
cocaine/adrenaline,F
liquid paraffin light,F
sodium cromoglicate,468.367 g/mol
pneumococcal polysaccharide,F
measles/mumps/rubella,F
pepti-junior,F
jevity,F
chlorpromazine,"318.86 g/mol (free base)<br/>
355.33 g/mol (hydrochloride)"
eslicarbazepine,296.320 g/mol
ampicillin,349.41 g/mol
Idebenone,338.439 g/mol
droperidol,379.428 g/mol
cetirizine,388.89 g/mol
adrenaline/articaine,F
bone cement/erythromycin/colistin,F
tamoxifen,"371.515 g/mol<br/>
563.638 g/mol (<a class=""mw-redirect"" href=""/wiki/Citrate"" title=""Citrate"">citrate</a> salt)"
modafinil,273.35 g/mol
nutramigen,F
lisinopril,405.488 g/mol
simple eye ointment,F
flurbiprofen,244.261 g/mol
potassium canrenoate,396.5616 g/mol
fluocinolone,452.488 g/mol
oxcarbazepine,252.268 g/mol
potassium permanganate,158.034 g/mol
tipranavir,602.66 g/mol
diphtheria/tetanus/polio/haemophilus b,F
methyldopa,211.215 g/mol
nitrogen,"(N<sub>2</sub>) 0.72 <a class=""mw-redirect"" href=""/wiki/Kilojoule_per_mole"" title=""Kilojoule per mole"">kJ/mol</a>"
human plasma proteins,F
tedizolid phosphate,370.338 g/mol
light paraffin liquid,F
white soft paraffin/liquid paraffin,F
emulsifying ointment,F
brinzolamide/brimonidine,F
clioquinol/flumethasone,F
urofollitropin,22672.9 g/mol
sodium 3-hydroxybutyrate,F
Atrauman,F
orlistat,495.735 g/mol
vigabatrin,129.157 g/mol
letrozole,285.303 g/mol
magnesium hydroxide,58.3197 g/mol
sodium phosphate/sodium acid phosphate,F
actiform,F
prontoderm,F
actico,F
alverine citrate,F
agomelatine,243.301 g/mol
aclidinium bromide/formoterol,F
droxidopa,213.18734 g/mol
jevity plus,F
silvercel,F
losartan,422.91 g/mol
lidocaine/adrenaline/tetracaine,F
mepivacaine,246.348 g/mol
indapamide,365.835 g/mol
propantheline,368.489 g/mol
acetone,-33.78·10<sup>−6</sup> cm<sup>3</sup>/mol
eflornithine,182.2 g/mol
minoxidil,209.251 g/mol
disulfiram,296.539 g/mol
cloral betaine,281.541 g/mol
benzalkonium chloride/chlorhexidine hydrochloride/isopropyl myristate/liquis paraffin,F
entacapone,305.286 g/mol
naloxegol,651.785 g/mol
ciclesonide,540.688 g/mol
exemestane,296.403 g/mol
orphenadrine,269.381 g/mol
insulin glulisine,5823 g/mol
phenylbutazone,308.374 g/mol
brimonidine,292.135 g/mol
cinnarizine,368.514 g/mol
exametazime,384.3655 g/mol
cefixime,453.452 g/mol
balsalazide,357.318 g/mol
fludroxycortide,436.514 g/mol
prilocaine/felypressin,F
tryptophan,-132.0·10<sup>−6</sup> cm<sup>3</sup>/mol
paroxetine,329.3 g/mol
twocal,F
dantron/docusate sodium,F
megestrol,342.472 g/mol
bezafibrate,361.819 g/mol
cholic acid,408.57 g/mol
zinc sulfate,"161.47 g/mol (anhydrous)<br/>
179.47 g/mol (monohydrate)<br/>
287.53 g/mol (heptahydrate)"
isopropyl alcohol,-45.794·10<sup>−6</sup> cm<sup>3</sup>/mol
salicylic acid/mucopolysaccharide polysulfate,F
tafluprost,452.531266 g/mol
didanosine,236.227 g/mol
Azelastine/Fluticasone,F
perindopril,368.468 g/mol
Sultiame,290.0395 g/mol
porfimer sodium,1179.36 g/mol (for n=0)
spectinomycin,332.35 g/mol
cefaclor,367.808 g/mol
ketovite,F
iodoform,-117.1·10<sup>−6</sup> cm<sup>3</sup>/mol
ciprofibrate,289.154 g/mol
clofazimine,473.396 g/mol
liquid paraffin/yellow soft paraffin,F
trimetazidine,266.336 g/mol
nadolol,309.401 g/mol
activon,F
potassium chloride/sodium chloride/glucose/calcium/magnesium,F
ethosuximide,141.168 g/mol
hydrocortisone/cinchocaine,F
liquid paraffin light/isopropyl myristate,F
potassium acid phosphate/sodium acid phosphate,F
coal tar/coconut oil/salicylic acid,F
bone cement/gentamicin/vancomycin,F
nicardipine,479.525 g/mol
paraldehyde,-86.2·10<sup>−6</sup> cm<sup>3</sup>/mol
lofepramine,418.958 g/mol
olmesartan,558.585 g/mol
lemon spirirt,F
darifenacin,426.55 g/mol
enfuvirtide,4492.1 g/mol
fenofibrate,360.831 g/mol
pentoxifylline,278.31 g/mol
dronabinol,314.469 g/mol
calcium/ergocalciferol,F
dimeticone/benzalkonium chloride,F
ichthopaste,F
cardiolite,777.852 g/mol
comfeel plus,F
sorbitol/mannitol,F
lidocaine/hydrocortisone,F
dosulepin,295.45 g/mol
polyacrylamide hydrogel,F
pravastatin,424.528 g/mol
bromfenac,334.16 g/mol
methenamine hippurate,140.186 g/mol
Lubiprostone,390.462 g/mol
indacaterol,392.490 g/mol
betahistine,136.194 g/mol
dispenser pump,F
celecoxib,381.373 g/mol
mercapto acetyl tri-glycine,F
retinol palmitate/white soft paraffin/light liquid paraffin/liquid paraffin/wool fat,F
phosphate/sodium - joulies,F
betamethasone/coal tar,F
asenapine,285.77 g/mol
tibolone,312.446 g/mol
salicylic acid,-72.23·10<sup>−6</sup> cm<sup>3</sup>/mol
betamethasone/clotrimazole,F
macrogol 3350,F
hydroxyzine,374.904 g/mol
felodipine,384.259 g/mol
coal tar/salicylic acid/Sulfur,F
salicylic acid/betamethasone,F
ensure plus,F
L-Ornithine-L-Aspartate,F
urea/lactic acid,F
apremilast,460.500 g/mol
pasireotide,"1047.21 g/mol<sup class=""reference"" id=""cite_ref-1""><a href=""#cite_note-1"">[1]</a></sup>"
irbesartan,428.53 g/mol
forticreme,F
tobramycin/tazocin,F
escitalopram,"324.392 g/mol<br/>
(414.43 as oxalate)"
albumin aggregated,F
tolbutamide,270.35 g/mol
calcium phosphate/colecalciferol,F
aluminium hydroxide/magnesium hydroxide,F
sodium hypochlorite,74.442 g/mol
temoporfin,680.74 g/mol
cobicistat,776.023 g/mol
methocarbamol,241.241 g/mol
haemophilus/meningococcal,F
levothyroxine/liothyronine,F
terbinafine,291.43 g/mol
fluorouracil/Salicylic acid,F
dihydroergotamine,583.678 g/mol
hydroxypropyl guar,F
paraffin gauze dressing,F
piroxicam,331.348 g/mol
vildagliptin,303.399 g/mol
urea,-33.4·10<sup>−6</sup> cm<sup>3</sup>/mol
meropenem/tobramycin,F
ferrous fumarate/folic acid,F
amiloride/furosemide(frusemide),F
glycopyrronium,398.335 g/mol
cetrimide/benzalkonium chloride,F
carbidopa,226.229 g/mol
disodium edetate,F
pro-cal,F
tri-adcortyl,F
benzoyl peroxide /clindamycin,F
rimexolone,370.525 g/mol
actilite,F
naftidrofuryl,383.524 g/mol
clobetasol/coal tar/salicylic acid,F
paromomycin,615.629 g/mol
clobetasol/tacrolimus,F
pioglitazone,356.44 g/mol
loratadine,382.88 g/mol
naltrexone,341.401 g/mol
actisorb silver,F
methylnaltrexone bromide,356.44 g/mol
cefradine,349.406 g/mol
diflunisal,250.198 g/mol
cerium nitrate/silver sulfadiazine,F
ceftaroline,744.736661 g/mol
polymem,F
pyrimethamine,248.71 g/mol
danazol,337.5 g/mol
sodium bicarbonate/sodium citrate,F
methacholine,160.234 g/mol
monogen,F
allevyn ag,F
Strontium,"7.43 <a class=""mw-redirect"" href=""/wiki/Kilojoule_per_mole"" title=""Kilojoule per mole"">kJ/mol</a>"
ceftazidime/tobramycin,F
risedronate,283.112 g/mol
polidocanol,582.8073 g/mol (predicted)
crotamiton,203.28 g/mol
procaine,236.31 g/mol
glycerol/light liquid paraffin/white soft paraffin,F
soltran,F
clobetasone/propylene glycol,F
bupropion,"239.74<span class=""nowrap""> </span>g/mol"
algivon,F
dicobalt edetate,"406.08 g/mol<br/>
514.18 g/mol (hexahydrate)"
gadobenate dimeglumine,667.72 g/mol
benperidol,381.443 g/mol
clomethiazole,161.653 g/mol
sodium chloride/glucose/sodium bicarbonate,F
diphtheria/tetanus/pertussis,F
frebini,F
sacubitril/ valsartan,F
alfuzosin,389.449 g/mol
pericyazine,365.49 g/mol
vardenafil,488.604 g/mol
esketamine,237.725 g/mol
vinflunine,816.92 g/mol
edrophonium,166.24 g/mol
magnesium chloride/sodium chloride,F
dehydroepiandrosterone,288.424 g/mol
timodine,F
buspirone,385.50314 g/mol
selegiline,187.281 g/mol
copper,"13.26 <a class=""mw-redirect"" href=""/wiki/Kilojoule_per_mole"" title=""Kilojoule per mole"">kJ/mol</a>"
sodium thiosulfate,"158.11 g/mol (anhydrous)<br/>
248.18 g/mol (pentahydrate)"
clomipramine,314.9 g/mol
erythromycin/zinc acetate,F
oilatum,F
nebivolol,405.435 g/mol
benzalkonium chloride/triclosan/light liquid paraffin,F
mouthwash solution tablets,F
nutrini,F
penicillamine,149.212 g/mol
potassium iodate,214.001 g/mol
Evolocumab,141.8 kg/mol
erdosteine,249.309 g/mol
antox,F
selenium,"gray: 6.69 <a class=""mw-redirect"" href=""/wiki/Kilojoule_per_mole"" title=""Kilojoule per mole"">kJ/mol</a>"
monobenzone,200.233180 g/mol
orabase,F
etodolac,287.35 g/mol
kindergen,F
lactic acid,"1361.9 kJ/mol, 325.5 kcal/mol, 15.1 kJ/g, 3.61 kcal/g"
aliskiren,551.758 g/mol
benzbromarone,424.083 g/mol
azelastine,381.898 g/mol
tiotropium/olodaterol,F
boric acid,-34.1·10<sup>−6</sup> cm<sup>3</sup>/mol
phenelzine,136.19 g/mol
hepatitis A/typhoid,F
fortijuice,F
pentafluoropropane/norflurane,F
pipobroman,356.054 g/mol
lacidipine,455.543 g/mol
olsalazine,302.239g/mol
beclomethasone/coal tar/salicylic acid,F
magnesium carbonate,84.3139 g/mol (anhydrous)
insulin degludec/liraglutide,F
caffeine/sodium benzoate,F
pizotifen,295.443 g/mol
granugel,F
lumefantine/artemether,F
reboxetine,313.391 g/mol
modified maize starch,F
carboflex,F
alkyl-amino-alkyl glycines,F
trichloroacetic acid,-73.0·10<sup>−6</sup> cm<sup>3</sup>/mol
magnesium,"8.48 <a class=""mw-redirect"" href=""/wiki/Kilojoule_per_mole"" title=""Kilojoule per mole"">kJ/mol</a>"
anastrozole,293.366 g/mol
fluocinonide,494.525 g/mol
glycopyrronium/unguentum,F
Sodium hyaluronate/Dexpanthenol,F
neomycin,614.644 g/mol
anusol HC,362.460 g/mol
indoramin,347.454 g/mol
proxymetacaine and fluorescein,F
algosteril,F
cefadroxil,363.389 g/mol
tolcapone,273.241 g/mol
L-acetylcarnitine,F
bendroflumethiazide,421.415 g/mol
nitrofurazone,198.14 g/mol
duocal,F
sodium acetate,−37.6·10<sup>−6</sup> cm<sup>3</sup>/mol
dipyridamole/aspirin,F
dithranol,226.227 g/mol
able spacer,F
hydroquinone/retinoic acid/hydrocortisone,F
cyclizine/dipipanone,F
survimed,F
telaprevir,679.85 g/mol
zafirlukast,575.676 g/mol
neostigmine,223.294 g/mol
maxijul,F
azelaic acid,188.22 g/mol
Optifibre (WasBenefiber),F
etilefrin,F
clinisorb,F
amorolfine,317.509 g/mol
propiverine,367.481 g/mol
ajmaline,326.433 g/mol
aluminium hydroxide,78.00 g/mol
rizatriptan,269.345 g/mol
carteolol,292.373 g/mol
haleraid,F
moxonidine,241.677 g/mol
calcium glubionate/calcium lactobionate,F
seravit,F
doxorubicin/vincristine,F
glycopyrronium/cetomacrogol,F
unguentum m,F
pigmanorm,F
dextropropoxyphene/paracetamol,339.471 g/mol
pipothiazine,475.67 g/mol
tizanidine,253.712 g/mol
lactose,342.30 g/mol
hydrochlorothiazide,297.74 g/mol
aquaform,F
enalapril,376.447 g/mol
probenecid,285.36 g/mol
sotalol,272.3624 g/mol
disopyramide,339.475 g/mol
perative,F
Sprilon,F
sucrose,342.30 g/mol
levobunolol,291.385 g/mol
mefloquine,378.312 g/mol
piracetam,142.16 g/mol
cica-care,F
loprazolam,464.904 g/mol
moclobemide,268.739 g/mol
prednisolone/cinchocaine,F
indinavir,613.79 g/mol
acenocoumarol,353.326 g/mol
ferrous sulfate/folic acid,F
diflucortolone,394.452 g/mol
quinagolide,395.56 g/mol
fluvastatin,411.466 g/mol
torasemide,348.421 g/mol
levamisole,204.292 g/mol
absolute ethanol,-33.60·10<sup>−6</sup> cm<sup>3</sup>/mol
Zinc/castor oil,F
ensure plus juce,F
gestodene/ethinylestradiol,F
morphine/bupivacaine,F
calshake,F
indacaterol/glycopyrronium,F
ethinylestradiol/cyproterone,F
ketoprofen,254.281 g/mol
ketanserin,395.43 g/mol
white soft paraffin,F
algisite,F
flavoxate,391.46 g/mol
meningococcal c,F
sincalide,1143.27 g/mol
hetastarch,130–200 kg/mol (typical)
morphine/clonidine,F
n-a ultra,F
hypromellose/dextran,F
cimetidine,252.34 g/mol
jevity promote,F
zolmitriptan,287.357 g/mol
valsartan,435.519 g/mol
estradiol/dydrogesterone,F
cyclophosphamide/mesna,F
c-view,F
chlortetracycline/triamcinolone,F
potassium bicarbonate/potassium chloride,F
zolpidem,307.395 g/mol
cocaine/adrenaline/sodium bicarbonate,F
zinc acetate,"219.50 g/mol (dihydrate)<br/>
183.48 g/mol (anhydrous)"
tioconazole,387.711 g/mol
amidose,F
Mepiform,F
telbivudine,242.23 g/mol
piribedil,298.340 g/mol
retigabine,303.331 g/mol
reteplase,39589.6 g/mol
imipramine,280.407 g/mol
cilostazol,369.46 g/mol
paediasure,F
oxytetracycline,460.434 g/mol
conjugated oestrogen,F
lipobase,F
telmisartan,514.617 g/mol
rabeprazole,359.444 g/mol
nystatin/chlorhexidine,F
phenazopyridine,213.239 g/mol
lidocaine/glucose,F
comfeel,F
tinidazole,247.273 g/mol
protirelin,362.38367 g/mol
enlive,F
gemfibrozil,250.333 g/mol
tiratricol,621.932 g/mol
chloroquine,319.872 g/mol
levothyroxine/calcium phosphate,F
pergolide,314.489 g/mol
ethanol,-33.60·10<sup>−6</sup> cm<sup>3</sup>/mol
raloxifene,473.584 g/mol
potassium acetate,"109.38<span class=""nowrap""> </span>J/mol·K<sup class=""reference"" id=""cite_ref-nist_3-0""><a href=""#cite_note-nist-3"">[3]</a></sup>"
asparaginase,31731.9 g/mol
chlortalidone,338.766 g/mol
sulindac,356.412 g/mol
locasol,F
primene,F
hydrocortisone/nystatin/chlorhexidine,F
clioquinol/fluocinolone,F
pulmocare,F
nedocromil,371.341 g/mol
glipizide,445.536 g/mol
pepdite,F
bupivacaine/diamorphine,F
eprosartan,Eprosartan mesylate: 520.625 g/mol
ensure plus creme,F
chlortetracycline,"478.882 g/mol<sup class=""reference"" id=""cite_ref-autogenerated1_2-0""><a href=""#cite_note-autogenerated1-2"">[2]</a></sup>"
stavudine,224.213 g/mol
nateglinide,317.423 g/mol
lormetazepam,335.2 g/mol
industrial methylated spirit/glycerol,F
trandolapril,430.537 g/mol
methanol,-21.40·10<sup>−6</sup> cm<sup>3</sup>/mol
Octyl-cyanoacrylate,F
betaxolol,307.428 g/mol
terazosin,387.433 g/mol
Promogran,F
prazosin,383.401 g/mol
lyofoam,F
hard paraffin,F
deflazacort,441.517 g/mol
hydrocoll,F
advazorb,F
nonoxinol,F
glucose/lidocaine,F
cetylpyridinium/lidocaine,F
esmogen,F
sodium meglumine ioxaglate,F
dihydrotestosterone,290.442 g/mol
rifapentine,877.031 g/mol
glimepiride,490.617 g/mol
chlorothiazide/spironolactone,F
tiagabine,375.55 g/mol
physostigmine,275.346 g/mol
bambuterol,367.44 g/mol
hydroquinone,-64.63·10<sup>−6</sup> cm<sup>3</sup>/mol
streptomycin,581.574 g/mol
roflumilast,403.207 g/mol
yohimbine,"354.44 g/mol (base)<br/>
390.90 g/mol (hydrochloride)"
auranofin,679.493 g/mol
cyclopentolate/phenylephrine,F
clobetasol/coal tar,F
tetracycline,444.435 g/mol
diethylamine salicylate,F
clobetasol/salicylic acid,F
propafenone,341.444 g/mol
vindesine,753.926 g/mol
estramustine,440.405 g/mol
pholcodine,398.55 g/mol
tetrastarch,F
mebendazole,295.293 g/mol
conjugated oestrogens/norgestrel,F
losartan/hydrochlorthiazide,F
hydroquinone/hydrocortisone/retinoic acid,F
Atropine sulfate/diphenoxylate hydrochloride,F
methylcholine,F
levocetirizine,388.888 g/mol
repaglinide,452.586 g/mol
citric acid/malic acid,F
renapro,F
mesuximide,203.237 g/mol
vildagliptin/metformin,F
fluocinolone/neomycin,F
perhexilene,F
enshake,F
cyproheptadine,287.398 g/mol
lidocaine/phenylephrine/benzalkonium,F
mesorb,F
celiprolol,379.49 g/mol
Suprasorb,F
irbesartan/hydrochlorothiazide,F
nefazodone,470.01 g/mol
acebutolol,336.426 g/mol
veil masking cream,F
migraleve - paracetamol/buclizine/codeine,F
fructose,-102.60·10<sup>−6</sup> cm<sup>3</sup>/mol
homatropine,356.26 g/mol
coal tar/salicylic acid,F
tazarotene,351.463 g/mol
ziprasidone,412.936 g/mol
mucaine,F
mct,F
sulfacetamide,214.243 g/mol
clobetasone/coal tar/salicylic acid,F
nepro,F
dimeticone/cetrimide,F
meloxicam,351.403 g/mol
aluminium chloride,"133.341 g/mol (anhydrous)<br/>
241.432 g/mol (hexahydrate)<sup class=""reference"" id=""cite_ref-crc_1-0""><a href=""#cite_note-crc-1"">[1]</a></sup>"
amiloride hydrochloride/hydrochlorothiazide,F
nabumetone,228.29 g/mol
antazoline/xylometazoline,F
clindamycin/Tretinoin,F
clobetasone/coal tar,F
fortini,F
morphine/bupivacaine/clonidine,F
disodium hydrogen phosphate,"141.96 g/mol (anhydrous)<br/>
268.07 g/mol (heptahydrate)"
Nalmefene,339.43 g/mol
quinine dihydrochloride,F
pimozide,461.56 g/mol
protifar,F
phlexy-vit,F
flutamide,276.212 g/mol
ethyl alcohol,-33.60·10<sup>−6</sup> cm<sup>3</sup>/mol
liquid paraffin/isopropyl myristate/benzalkonium chloride,F
ascorbic acid/zinc,F
acrivastine,348.438 g/mol
medroxyprogesterone/conjugated oestrogens,F
dicycloverine hydrochloride/aluminium hydroxide/light magnesium oxide/simeticone,F
Lactic acid / Salicylic acid,F
propamidine,312.37 g/mol
ispaghula/senna,F
ensure plus fibre,F
econazole,381.683 g/mol
ketotifen,309.426 g/mol
famotidine,337.449 g/mol
sodium stibogluconate,910.9 g/mol
nomegestrol/estradiol,F
frovatriptan,243.304 g/mol
ernergivit,F
orahesive,F
zinc/ichthammol,F
hydrocortisone/crotamiton,F
transvasin,F
bee and wasp allergen extracts,F
allantoin/coal tar,F
sterillium,F
nizatidine,331.46 g/mol
antiseptic lozenge,F
calcium trisodium pentetate,F
ispaghula/mebeverine,F
Versiva,F
ferric chloride,"162.204 g/mol (anhydrous)<br/>
270.295 g/mol (hexahydrate)<sup class=""reference"" id=""cite_ref-crc_1-0""><a href=""#cite_note-crc-1"">[1]</a></sup>"
potassium aminobenzoate,F
acemetacin,415.82372 g/mol
glycerin,-57.06·10<sup>−6</sup> cm<sup>3</sup>/mol
cerumol,F
sodium methohexital,F
benzocaine,165.189 g/mol
estradiol/dyhydrogesterone,F
inosine,268.23 g/mol
loxapine,327.808 g/mol
mepyramine,285.38 g/mol
lidocaine/cetalkonium chloride,F
glibenclamide,494.004 g/mol
tripotassium dicitratobismuthate,F
sermorelin,3357.882 g/mol
cetrimide/undecenoic acid,F
lidocaine/midazolam,F
ergocalciferol,396.65 g/mol
dibrompropamidine,470.16 g/mol
vitajoule,F
phenylephrine hydrochloride,167.205 g/mol
coal tar/lecithin,F
mepore,F
bethanechol chloride,161.221 g/mol
cyclizine/morphine,F
flurazepam,387.88 g/mol
pregestimil,F
paracetamol/phenylephrine,F
atenolol/nifedipine,F
alclometasone,521.042 g/mol
papaverine/phentolamine,F
urea/hydrogen peroxide,F
naratriptan,335.465 g/mol
quinapril,438.516 g/mol
sodium phosphate/sodium bicarbonate,F
benzatropine,307.429 g/mol
thovaline,F
clinutren,F
day nurse,F
Cavi-Care,F
proguanil,253.731 g/mol
wysoy,F
Diabact,F
diphtheria/tetanus/pertussis/polio/haemophilus,F
dithranol/salicylic acid/zinc,F
paracetamol/codeine,F
tentrini,F
niclosamide,327.119 g/mol
taurine,125.14 g/mol
insulin zinc suspension,F
isocarboxazid,231.25 g/mol
xipamide,354.80 g/mol
vitasavoury,F
olmesartan/hydrochlorthiazide,F
tropolone,122.12 g/mol
advadraw,F
cetalkonium chloride/choline salicylate,F
almotriptan,335.465 g/mol
butobarbital,212.246 g/mol
enalapril/hydrochlorothiazide,F
maprotiline,277.403 g/mol
benzocaine/tyrothricin,F
zinc/salicylic acid,F
insulin protamine zinc,F
glucose/glycerin,F
calcium carbonate/magnesium carbonate,F
potassium perchlorate,138.55 g/mol
salicylic acid/lactic acid,F
metolazone,365.835 g/mol
pindolol,248.321 g/mol
bromine,"(Br<sub>2</sub>) 10.571 <a class=""mw-redirect"" href=""/wiki/Kilojoule_per_mole"" title=""Kilojoule per mole"">kJ/mol</a>"
paracetamol/caffeine/codeine,F
Cutinova,F
imidapril,405.444 g/mol
olbas,F
fosinopril,563.663 g/mol
mizolastine,432.493 g/mol
etamsylate,263.31068 g/mol
moxisylyte,279.375 g/mol
flexitol,F
coal tar/zinc,F
estradiol/levonorgestrel,F
acetohydroxyamic acid,F
vitaquick,F
adrenaline/mepivacaine,F
spironolactone/furosemide,F
Sulfur/hydrocortisone,F
mydricaine,F
lidocaine/chlorocresol/cetylpyridinium chloride,F
dapagliflozin/metformin,F
Dermamist,F
sterculia/frangula,F
aceclofenac,353.02161 g/mol
physiotulle,F
paracetamol/pseudoephedrine,F
alendronic acid/colecalciferol,F
amiloride/bumetanide,F
tramadol/paracetamol,F
calcium lactate,218.22 g/mol
tridestra,F
dialamine,F
hydrosorb,F
allantoin/lidocaine,F
paracetamol/phenylephrine/caffeine,F
pentazocine,285.424 g/mol
dimenhydrinate/cinnarizine,F
clobetasone/propylene glycol/salicylic acid,F
amiloride/cyclopenthiazide,F
industrial methylated spirits/hydrogen peroxide,F
bismuth salicylate,F
ichthammol/hydrocortisone,F
dextromethorphan,271.40 g/mol
chlorclean,F
Haz-tab diluter bottle,F
phenprocoumon,280.318 g/mol
simeticone/hydrotalcite,F
disodium etidronate/calcium carbonate,F
triamterene/furosemide,F
xylose,150.13 g/mol
hydrocortisone/pramocaine,F
hydrocortisone/urea,F
ammonium acetate,-41.1·10<sup>−6</sup> cm<sup>3</sup>/mol
tenoxicam,337.376 g/mol
phenol/chlorhexidine gluconate,F
guaifenesin,198.216 g/mol
melperone,263.35 g/mol
selenium/zinc,F
diphenhydramine,255.355 g/mol
lidocaine/chlorocresol/cetylpydinium chloride,F
mesitran,F
cymalon,F
hospital hand cream,F
tolfenamic,F
medroxyprogesterone/estradiol,F
glycerol/honey/lemon oil,F
mifepristone/misoprostol,F
surgical spirirt,F
cinchocaine/fluocortolone,F
captopril/hydrochlorthiazide,F
sodium hydroxide,−16.0·10<sup>−6</sup> cm<sup>3</sup>/mol
tiaprofenic,F
paracetamol/caffeine,F
diluent c,F
phenothrin,350.451 g/mol
diphtheria/tetanus,F
sodium fluoride,41.988173 g/mol
guaifenesin/pseudoephedrine/triprolidine,F
mesterolone,304.467 g/mol
metatone,F
prednisolone/neomycin,F
paracetamol/codeine phosphate/caffeine/doxylamine,F
lidocaine/aminoacridine,F
racecadotril,385.47662 g/mol
glycerin/ichthammol,F
renilon,F
Sulfur,"mono: 1.727 <a class=""mw-redirect"" href=""/wiki/Kilojoule_per_mole"" title=""Kilojoule per mole"">kJ/mol</a>"
sulfinpyrazone,404.48 g/mol
clemastine,343.9 g/mol
glucosamine/chondroitin,F
pseudoephedrine/triprolidine/dextromethorphan,F
caloreen,F
balmosa,F
Tofacitinib,312.369 g/mol
quinoderm,F
germoloids,F
drotrecogin,F
sitaxentan,454.906 g/mol
pegaptanib,~50 kg/mol
ticarcillin,384.429 g/mol
lepirudin,6983.5 g/mol
dibotermin,F
rosiglitazone,357.428 g/mol
nelfinavir,567.784 g/mol
orthophthalaldehyde,F
daclizumab,"142,612.1 g/mol"
sulphamethoxypyridazine,280.304 g/mol
ferric sodium gluconate,F
ferucarbotran,F
guanethidine,198.309 g/mol
muromonab,146.091 g/mol
galactose,-103.00·10<sup>−6</sup> cm<sup>3</sup>/mol
glamin,F
rosiglitazone/metformin,F
rimonabant,463.79 g/mol
omega marine,F
geliperm,F
etynodiol diacetate,384.509 g/mol
contreet,F
mangafodipir,689.362 g/mol
sibutramine,279.85 g/mol
magnesium/liquid paraffin,F
fosphenytoin,362.274 g/mol
ceftazidime/colistin,F
trifluorothymidine,296.2 g/mol
triclofos,229.383 g/mol
provide xtra,F
dolasetron,324.374 g/mol
diamorphine/bupivacaine,F
sultrin,214.243 g/mol
dithranol/salicylic acid,F
halothane,197.381 g/mol
combiderm,F
ferumoxides,F
felbinac,212.244 g/mol
alione,F
ceftazidime/gentamicin,F
altretamine,210.28 g/mol
ticlopidine,263.786 g/mol
trufoam,F
distigmine,576.322 g/mol
tetrahydrobiopterin,241.25 g/mol
hexetidine,339.602 g/mol
norfloxacin,319.331 g/mol
apple mistletoe,F
gestrinone,308.41 g/mol
potassium bicarbonate,100.115 g/mol
spiramycin,843.053 g/mol
sodium bicarbonate/simeticone,F
polytar,F
mecysteine,F
gastrocote,F
tricitrates,F
magnesium chloride,"95.211 g/mol (anhydrous)<br/>
203.31 g/mol (hexahydrate)"
bretylium,243.163 g/mol
hydrocortisone/neomycin/polymixin b,F
sodium nitrate,84.9947 g/mol
fortimel,F
insufflator,F
n-a,F
diloxanide,328.147 g/mol
bupivacaine/alfentanil,F
primapore,F
allantoin/coal tar/hydrocortisone,F
Varicella-Zoster Immunoglobulin,F
novasource,F
tegaserod,301.39 g/mol
clinisan,F
tropisetron,284.353 g/mol
glutaraldehyde/formaldehyde/didecyldimethylammonium chloride,F
inositol nicotinate,810.72 g/mol
procainamide,235.325 g/mol
fluspirilene,475.573 g/mol
vitapro,F
seasorb,F
pine mistletoe/mercuric sulfate,F
lumirem,F
pentagastrin,767.893 g/mol
phentolamine/aviptadil,F
disodium etidronate,F
dydrogesterone,312.446 g/mol
enrich plus,F
leukoscan,F
xp analog,F
neodisher,F
ritodrine,287.354 g/mol
zinc oxide/cod liver,F
caprilon,F
hydrocortisone/chlorquinaldol,F
forticare,F
pr heat spray,F
phenylalanine,165.19 g/mol
diclofenamide,305.16 g/mol
apple mistletoe/silver carbonate,F
benzocaine/cetylpyridinium chloride,F
cefpodoxime,427.458 g/mol
Cellona,F
methysergide,353.458 g/mol
fortifresh,F
hyoscyamine,289.375 g/mol
trilostane,329.433 g/mol
tolazoline,160.216 g/mol
clioquinol/hydrocortisone,F
dipivefrine,351.437 g/mol
aluminium hydroxide/simeticone/light magnesium oxide,F
generaid,F
tisopurine,152.18 g/mol
histamine acid phosphate,F
emedastine,302.415 g/mol
metipranolol,309.401 g/mol
prosure,F
nalidixic acid,232.235 g/mol
diclofenac potassium,296.148 g/mol
lidocaine/cetrimide,F
oak mistletoe/copper carbonate,F
vasogen,F
pethidine/promethazine,F
amobarbital/secobarbital,F
oak mistletoe/mercuric sulfate,F
chloroform,3.67 L·atm/mol (24 °C)
urgocell,F
maxamaid,F
keltrol,F
iopanoic,F
suplena,F
papaveretum/hyoscine hydrobromide,F
triclosan/isopropyl,F
pentolinium,240.43 g/mol
thiotic acid,F
zaleplon,305.34 g/mol
amoxapine,313.781 g/mol
maxisorb,F
aluminium hydroxide/magnesium hydroxide/simethicone,F
triamterene,253.263 g/mol
tegasorb,F
prejomin,F
benzoyl peroxide/potassium hydroxyquinoline sulfate,F
isosource,F
diluter bottle,F
flunisolide,434.498 g/mol
calipotriol,F
hydroflumethiazide/spironolactone,F
infasoy,F
galactomin,F
pyrogallol,126.11 g/mol
Vaseline dermacare,F
alvogyl,F
benzoyl peroxide/erythromycin,F
lumiracoxib,"293,72 g/mol"
potassium hydroxide,−22.0·10<sup>−6</sup> cm<sup>3</sup>/mol
glycerin/thymol,F
biperiden,311.461 g/mol
estradiol/progestogen,F
ergotamine/cyclizine/caffeine,F
tolnaftate,307.41 g/mol
benzocaine/dequalinium chloride,F
ammonium chloride,"Sublimes at 337.6 °C<sup class=""reference"" id=""cite_ref-chemister_2-0""><a href=""#cite_note-chemister-2"">[2]</a></sup><br/>
Δ<sub>subl</sub><i>H</i><sup><s>o</s></sup> = 176.1 kJ/mol<sup class=""reference"" id=""cite_ref-Wiberg.26Holleman_3-0""><a href=""#cite_note-Wiberg.26Holleman-3"">[3]</a></sup>"
l-valine,-74.3·10<sup>−6</sup> cm<sup>3</sup>/mol
digitoxin,764.939 g/mol
hypafix,F
meprobamate,218.250 g/mol
lansinoh,F
aminoglutethimide,232.278 g/mol
silisone,F
morphine/clonidine/bupivacaine,F
cyclobenzaprine,275.387 g/mol
antipeol,F
karvol,F
chloroquine/proguanil,F
hormonin,F
optrex,F
pectigel,F
formaldehyde/zinc oxide,F
orciprenaline,211.258 g/mol
Calaband,F
Oxprenolol/cyclopenthiazide,F
polycose,F
dexketoprofen,254.28056 g/mol
benethamine benzylpenicillin,F
carisoprodol,260.33 g/mol
osmium tetroxide,254.23 g/mol
desipramine,266.381 g/mol
metabolic mineral mixture,F
forceval,F
ramipril/felodipine,F
sno-strips,F
neomycin/bacitracin/cysteine/glycine/threonine,F
tricotex,F
potassium dihydrogen orthophosphate,F
aspirin/papaveretum,F
maxipro,F
L-tyrosine,-105.3·10<sup>−6</sup> cm<sup>3</sup>/mol
ranitidine bismuth citrate,314.4 g/mol
quinidine,324.417 g/mol
naproxen/misoprostol,F
morphine/kaolin,F
potassium sulfate,174.259 g/mol
mepyramine/benzocaine,F
chloroxylenol/aldioxa,F
cymex,F
timolol/amiloride hydrochloride/hydrochlorothiazide,F
rapolyte,F
prosobee,F
guanfacine,246.093 g/mol
diphenhydramine/camphor,F
zinc,"7.32 <a class=""mw-redirect"" href=""/wiki/Kilojoule_per_mole"" title=""Kilojoule per mole"">kJ/mol</a>"
piperazine/senna,F
activated charcoal/magnesium hydroxide,F
camphor,-103·10<sup>−6</sup> cm<sup>3</sup>/mol
artemether,298.374 g/mol
paracetamol/diphenhydramine,F
estropipate,436.56 g/mol
cyclopenthiazide,379.88 g/mol
Kalms,F
anugesic-HC,F
cetylpyridinium chloride/menthol,F
gamolenic acid/vitamin E,F
methimazole,114.17 g/mol
ibuprofen/pseudoephedrine,F
bismuth subsalicylate,362.093 g/mol
podophyllum /salicylic acid,F
pseudoephedrine/chlorphenamine/pholcodeine,F
gliquidone,527.634 g/mol
codeine/caffeine/paracetamol/hyoscine,F
bumetanide/potassium,F
carob seed flour/calcium lactate,F
retinol/colecalciferol,F
dexamethasone/tramazoline,F
ferrous sulfate/ascorbic acid,F
betamethasone/coal tar/salicylic acid,F
lotil,F
furosemide/potassium,F
bendroflumethiazide/potassium,F
diethylamine salicylate/methyl nicotinate/glycol salicylate,F
iron,"13.81 <a class=""mw-redirect"" href=""/wiki/Kilojoule_per_mole"" title=""Kilojoule per mole"">kJ/mol</a>"
chlorhexidine/tetracaine,F
ammonia,17.031 g/mol
salicylic acid/Sulfur,F
triamterene/benzthiazide,F
phentermine,149.233 g/mol
amfepramone,205.30 g/mol
aspirin/citric acid/sodium bicarbonate,F
insulin zinc suspension (crystalline),F
guaifenesin/pseudoephedrine,F
diocalm,F
econazole/hydrocortisone,F
pholcodine/promethazine,F
ocuvite,F
desoximetasone,376.462 g/mol
pseudoephedrine/tripolidine,F
Botulism immunoglobulin,F
palifermin,16192.7 g/mol
stellisept,F
alglucerase,55597.4 g/mol
decitabine,228.206 g/mol
hydroxymethylcellulose,F
diosmin/hesperidin,F
framycetin,614.644 g/mol
ethionamide,166.244 g/mol
acetohydroxamic acid,75.0666 g/mol
unithiol,188.289 g/mol
piperacillin,517.555 g/mol
cefazolin,454.51 g/mol
trofosfamide,323.58 g/mol
nephrovite,F
coal tar/hydrocortisone,F
molindone,"<span title=""www.drugs.com""><a class=""external text"" href=""https://www.drugs.com/cdi/molindone.html"" rel=""nofollow"">Consumer Drug Information</a></span>"
carbachol,182.696 g/mol
amifostine,214.224 g/mol
protriptyline,263.377 g/mol
ceruletide,1352.40 g/mol
telithromycin,812.004 g/mol
nalbuphine,357.443 g/mol
lactoferment,F
ibutilide,384.578 g/mol
desderman,F
sideromal,F
tiludronic acid,318.609 g/mol
dehydroepiandrosterone/ascorbic acid,F
pralidoxime,137.159 g/mol
yovis,F
apple mistletoe/mercuric sulfate,F
isoleucine,-84.9·10<sup>−6</sup> cm<sup>3</sup>/mol
chloroquine sulfate,F
calcium chloride dihydrate,"−5.47·10<sup>−5</sup> cm<sup>3</sup>/mol<sup class=""reference"" id=""cite_ref-crc_1-3""><a href=""#cite_note-crc-1"">[1]</a></sup>"
toremifene,405.959 g/mol
urgosorb,F
maxamum,F
novogel,F
isradipine,371.387 g/mol
hylan B,F
epoetin delta,F
methocel - methylcellulose/hydroxypropylmethylcellulose,F
magnesium stearate,591.27 g/mol
milnacipran,246.348 g/mol
drospirenone/estradiol,F
enalaprilat dihydrate,F
methylamine,-27.0·10<sup>−6</sup> cm<sup>3</sup>/mol
immunovir,F
hexastarch,F
phenylpropanolamine,151.206 g/mol
thiabendazole,201.249 g/mol
zinc/calamine,F
flucytosine/amphotericin,F
nebuchamber,F
coumarin,"<span class=""nowrap""><span class=""sortkey"" style=""display:none"">3004175000000000000♠</span>−82.5<span style=""margin-left:0.25em;margin-right:0.15em;"">×</span>10<sup>−6</sup> cm<sup>3</sup>/mol</span>"
lauromacrogol/heparinoid,F
metixene,309.469 g/mol
chlorprothexine,F
lutrol,F
eletriptan,382.52 g/mol
methylhydroxybenzoate,F
gallamine,"891.529 g/mol (gallamine triethiodide)<br/>
423.633 g/mol<br/>
(gallamine)"
sodium metabisulfate,206.106 g/mol
diclofenac,296.148 g/mol
megesterol acetate,F
fenoterol/ipratropium,F
nitroxoline,190.156 g/mol
testolactone,300.39 g/mol
pindolol/clopamide,F
amprenavir,505.628 g/mol
moracizine,427.518 g/mol
cidezyme,F
doxorubicin/vinblastine,F
tartaric acid,150.087 g/mol
coal tar/salicylic acid/zinc,F
lisuride,338.447 g/mol
cresophene,F
benzoic acid,-70.28·10<sup>−6</sup> cm<sup>3</sup>/mol
cinchocaine,343.463 g/mol
diethylcarbamazine,199.293 g/mol
almitrine,477.552 g/mol
succinic acid,-57.9·10<sup>−6</sup> cm<sup>3</sup>/mol
atipamezole,212.290 g/mol
resorcinol,110.1 g/mol
pseudoephedrine/triprolidine,F
phlexy-10,F
captopril/hydrochlorothiazide,F
aspirin/codeine phosphate,F
hydrocortisone/salicylic acid/Sulfur,F
minadex,F
atenolol/amiloride/hydrochlorthiazide,F
penciclovir,253.258 g/mol
chlorpropamide,276.74 g/mol
azapropazone,300.36 g/mol
proplythiouracil,F
trifluridine,296.2 g/mol
fenoprofen,242.26986 g/mol
cade oil/salicylic acid,F
ipecacuanha/ammonia,F
chloral hydrate/chloroform,F
carbopad,F
aspirin/caffeine,F
eoprotin,F
dexibuprofen,206.28082 g/mol
kalzinol,F
borax,−85.0·10<sup>−6</sup> cm<sup>3</sup>/mol
polydocanol,F
trisodium edetate,F
simeticone/loperamide,F
osteocare,F
dihydrotachysterol,398.664 g/mol
moexipril,498.568 g/mol
isopropyl alcohol/hydrogen peroxide,F
salicylic acid/tannic acid/boric acid,F
kaltogel,F
idoxuridine,354.099 g/mol
Methanesulfonate/dihydroergocristine/dihydroergocornine/alpha- and beta-dihydroergocryptine,F
insufflators plastic,F
Sulfuric acid,98.079 g/mol
aspirin/metoclopramide,F
chlorobutanol/chlorhexidine,F
benorilate,313.305 g/mol
algicon,F
furosemide/potassium chloride,F
trisequens,F
chlortalidone/triamterene,F
sulconazole,397.749 g/mol
nimesulide,308.311 g/mol
timolol/bendroflumethiazide,F
fluocortolone,376.462 g/mol
chlorzoxazone,169.565 g/mol
ammonium bicarbonate,79.056 g/mol
diphenhydramine/dextromethorphan,F
nisoldipine,388.414 g/mol
vitamin b12,1355.37 g/mol
ammonia/eucalyptus oil,F
aluminium oxide,-37.0·10<sup>−6</sup> cm<sup>3</sup>/mol
sodium perchlorate,122.44 g/mol
shark liver oil/yeast cell extract,F
methyl salicylate,-86.30·10<sup>−6</sup> cm<sup>3</sup>/mol
natmur,F
vivioptal,F
iron sorbitol,F
solvaline,F
dimeticone/hydrotalcite,F
rowatinex,F
formance,F
alexitol,F
rose bengal,"973.67 g/mol<br/>
1,017.65 g/mol (sodium salt)"
astemizole,458.571 g/mol
fluphenazine/nortriptyline,F
benzocaine/triclosan,F
sertindole,440.941 g/mol
antithrombin alfa,F
grepafloxacin,359.395 g/mol
follitropin alfa/Lutropin alfa,F
erythromycin/triamcinolone,F
alefacept,51801.1 g/mol
oxyzyme,F
Kabimix,F
hydroquinone/hydrocortisone,F
lovastatin,404.54 g/mol
duobar,F
dermatix,F
zinc  undeceoate,F
carbenoxolone,570.765 g/mol
reserpine,608.68 g/mol
sorbitol,182.17 g/mol
thiopronin,F
netilmicin,475.58 g/mol
quickcal,F
tianeptine,436.953 g/mol
magnesium pidolate,280.517 g/mol
calamine/coal tar,F
coal tar/zinc oxide,F
deegan's,F
mazindol,284.74 g/mol
Nicotinic acid/Laropiprant,F
histrelin,1323.5 g/mol
rupatadine,415.958 g/mol
saquinavir,670.841 g/mol
articaine,"284.37 g/mol<br/>
320.836 g/mol (<a href=""/wiki/Hydrochloride"" title=""Hydrochloride"">HCl</a>)"
warfarin,308.33 g/mol
sodium metabisulphite,190.107 g/mol
dosulpein,F
glycerin/honey/lemon/glucose,F
bemiparin sodium,3600 g/mol (average)
actinac,F
Harmogen,F
benzyl alcohol,-71.83·10<sup>−6</sup> cm<sup>3</sup>/mol
apothioridazine,F
glycerin/honey/lemon/glucose/Ipecacuanha,F
menopace,F
salicylic acid/dithranol,F
maribavir,376.24 g/mol
vorinostat,264.32 g/mol
sodium picosulfate/magnesium citrate,F
nesiritide,3464 g/mol
dapoxetine,305.413 g/mol
sodium chloride/hydroxyethylcellulose,F
flumetasone,410.452 g/mol
naproxen/esomeprazole,F
ketoprofen/omeprazole,F
phenacetin,179.216 g/mol
ferumoxytol,231.533 g/mol
retapamulin,517.77 g/mol
potassium bromide,119.002 g/mol
sodium bicarbonate/sodium chloride,F
pegloticase,497 kg/mol (polymer-modified tetramer)
epinastine,249.311 g/mol
diphtheria/tetanus/pertussis/haemophilus,F
clobetasol/unguentum,F
alogliptin/metformin,F
urea/ceramide,F
zeroguent,F
eliglustat,404.543 g/mol
telavancin,1755.63 g/mol
cangrelor tetrasodium,776.36 g/mol
clobetasol/orabase,F
cisplatin/cyclophosphamide/etoposide,F
perindopril erbumine/amlodipine,F
cobicistat/elvitegravir/emtricitabine/tenofovir alafenamide,F
ceftolozane/tazobactam,F
